scenario,estimate_index,now_us,fsm_state,tg_us,W_sec,S_sec,tau_hat_sec,m1_hat,m2_hat,m3_hat,Y_hat,sigma_Y,has_significance,is_low_rate,is_degraded,is_stats_bound,insufficient_statistics,model_mismatch,debug_event_count,debug_bins_with_counts
stable_high_rate,0,2000300,Warmup,1000,2,0,0.0005112642094104177,5.037,25.293,126.735,-0.015558665872542898,0.031907876674915396,False,False,False,False,True,False,10075,8956
stable_high_rate,1,2200300,Warmup,500,2,0.2,0.0005112642094104177,5.029,25.218,126.19200000000001,-0.014484191688208466,0.03204605719929747,False,False,False,False,True,False,10059,8932
stable_high_rate,2,2400300,Warmup,500,2,0.2,0.0005112642094104177,2.50025,6.183,15.111,-0.02729729527047286,0.021359467521680366,False,False,False,False,True,False,10002,8887
stable_high_rate,3,2600300,Warmup,500,2,0.2,0.0005112642094104177,2.519,6.259,15.231,-0.03428384279475988,0.02085505898808424,False,False,False,False,True,False,10077,8958
stable_high_rate,4,2800300,Warmup,500,2,0.2,0.0004180754087618942,2.52425,6.304,15.406500000000001,-0.026874541943151045,0.021012557232672157,False,False,False,False,True,False,10098,8980
stable_high_rate,5,3000300,Warmup,500,2,0.2,0.0006252247473683123,2.52325,6.3175,15.5025,-0.019534553651045443,0.021109512454086255,False,False,False,False,True,False,10094,8979
stable_high_rate,6,3200300,Warmup,500,2,0.2,0.0006252247473683123,2.52575,6.357,15.7125,-0.00887382460655219,0.021644768715384954,False,False,False,False,True,False,10104,8974
stable_high_rate,7,3400300,Warmup,500,2,0.2,0.0007645870325492904,2.5185,6.3265,15.6495,-0.006488882271192863,0.021719136663353893,False,False,False,False,True,False,10075,8951
stable_high_rate,8,3600300,Warmup,500,2,0.2,0.0006252247473683123,2.5020000000000002,6.2295,15.3705,-0.012191846522782341,0.02210034171079511,False,False,False,False,True,False,10009,8889
stable_high_rate,9,3800300,Warmup,500,2,0.2,0.0005112642094104177,2.49325,6.1610000000000005,15.0105,-0.022178105885892085,0.02149209346701658,False,False,False,False,True,False,9974,8879
stable_high_rate,10,4000300,Warmup,500,2,0.2,0.0005112642094104177,2.489,6.118,14.8725,-0.030984732824427125,0.02167669092699468,False,False,False,False,True,False,9957,8863
stable_high_rate,11,4200300,Warmup,500,2,0.2,0.0005112642094104177,2.49725,6.173,15.123000000000001,-0.025330888977875853,0.021789276563777125,False,False,False,False,True,False,9990,8889
stable_high_rate,12,4400300,Warmup,500,2,0.2,0.0004180754087618942,2.4995,6.1745,15.087,-0.0292059411882372,0.021733592396947467,False,False,False,False,True,False,9999,8885
stable_high_rate,13,4600300,Warmup,500,2,0.2,0.00034187225351249784,2.474,6.069,14.859,-0.02088763136620913,0.022234365620727337,False,False,False,False,True,False,9897,8777
stable_high_rate,14,4800300,Warmup,500,2,0.2,0.0004180754087618942,2.4745,6.093,15.036,-0.01218438068296596,0.022357195281568425,False,False,False,False,True,False,9899,8742
stable_high_rate,15,5000300,Warmup,500,2,0.2,0.0006252247473683123,2.475,6.12,15.159,-0.002272727272727359,0.022485039741812204,False,False,False,False,True,False,9901,8737
stable_high_rate,16,5200300,Warmup,500,2,0.2,0.0005112642094104177,2.4787500000000002,6.096,15.009,-0.019445915279879357,0.021944908823990725,False,False,False,False,True,False,9916,8742
stable_high_rate,17,5400300,Warmup,500,2,0.2,0.00034187225351249784,2.4945,6.1655,15.1605,-0.02286239727400261,0.021634938202422026,False,False,False,False,True,False,9979,8777
stable_high_rate,18,5600300,Warmup,500,2,0.2,0.0002286032066600048,2.489,6.1445,14.9955,-0.020337886701486375,0.021370661709070104,False,False,False,False,True,False,9957,8762
stable_high_rate,19,5800300,Warmup,500,2,0.2,0.0002286032066600048,2.5075,6.247,15.4305,-0.016173978065802178,0.02184877742986915,False,False,False,False,True,False,10031,8798
stable_high_rate,20,6000300,Warmup,500,2,0.2,0.000125,2.51025,6.2795000000000005,15.594000000000001,-0.008706329050891443,0.021706823568131403,False,False,False,False,True,False,10042,8803
stable_high_rate,21,6200300,Warmup,500,2,0.2,0.000125,2.50725,6.25,15.5145,-0.014479035796190856,0.021885856804942032,False,False,False,False,True,False,10030,8791
stable_high_rate,22,6400300,Warmup,500,2,0.2,0.000125,2.52025,6.3145,15.816,-0.014744593790298553,0.022064762584254282,False,False,False,False,True,False,10082,8820
stable_high_rate,23,6600300,Warmup,500,2,0.2,0.000125,2.54025,6.3685,15.828000000000001,-0.03321329101466378,0.021437662352729845,False,False,False,False,True,False,10162,8892
stable_high_rate,24,6800300,Warmup,500,2,0.2,0.000125,2.5315,6.292,15.4125,-0.04601708473237188,0.02114635664258917,False,False,False,False,True,False,10127,8883
stable_high_rate,25,7000300,Warmup,500,2,0.2,0.000125,2.52725,6.2615,15.279,-0.04965577703036892,0.020972792920794153,False,False,False,False,True,False,10110,8876
stable_high_rate,26,7200300,Warmup,500,2,0.2,0.0013982963792914008,2.525,6.291,15.57,-0.03351485148514814,0.021918578954220117,False,False,False,False,True,False,10101,8897
stable_high_rate,27,7400300,Warmup,500,2,0.2,0.0011434270570526996,2.499,6.1795,15.246,-0.026210884353741595,0.02220139184367002,False,False,False,False,True,False,9997,8819
stable_high_rate,28,7600300,Warmup,500,2,0.2,0.000125,2.4945,6.13,14.967,-0.037093706153537534,0.021957774500673568,False,False,False,False,True,False,9979,8815
stable_high_rate,29,7800300,Warmup,500,2,0.2,0.0011434270570526996,2.47175,6.0515,14.7405,-0.02348460099120099,0.0219113741817895,False,False,False,False,True,False,9888,8751
stable_high_rate,30,8000300,Warmup,500,2,0.2,0.0009350131017737087,2.47925,6.1080000000000005,15.021,-0.015601719269940043,0.02225524539920599,False,False,False,False,True,False,9918,8771
stable_low_rate,0,2086450,Warmup,500,2,0.2,0.00027955874770974184,0.01025,0,0,-0.01025,0.0015957404977345044,False,False,False,False,True,False,42,42
stable_low_rate,1,2286450,Warmup,500,2,0.2,0.00034187225351249784,0.01,0,0,-0.01,0.0015765848866224048,False,False,False,False,True,False,41,41
stable_low_rate,2,2486450,Warmup,500,2,0.2,0.00027955874770974184,0.009000000000000001,0,0,-0.009000000000000001,0.0014975494168495973,False,False,False,False,True,False,37,37
stable_low_rate,3,2686450,Warmup,500,2,0.2,0.00027955874770974184,0.010750000000000001,0,0,-0.010750000000000001,0.0016333794781588922,False,False,False,False,True,False,44,44
stable_low_rate,4,2886450,Warmup,500,2,0.2,0.000125,0.01125,0.0005,0,0.03319444444444445,0.04275170714303589,False,False,False,False,True,False,46,46
stable_low_rate,5,3086450,Warmup,500,2,0.2,0.00571919114303894,0.0115,0.0005,0,0.03197826086956522,0.04185068748072491,False,False,False,False,True,False,47,47
stable_low_rate,6,3286450,Warmup,500,2,0.2,0.000125,0.012750000000000001,0.0005,0,0.0264656862745098,0.03786009895120841,False,False,False,False,True,False,52,52
stable_low_rate,7,3486450,Warmup,500,2,0.2,0.004676746642740237,0.0135,0.0005,0,0.023537037037037037,0.03581093339943588,False,False,False,False,True,False,55,55
stable_low_rate,8,3686450,Warmup,500,2,0.2,0.000125,0.0135,0.0005,0,0.023537037037037037,0.03581093339943588,False,False,False,False,True,False,55,55
stable_low_rate,9,3886450,Warmup,500,2,0.2,0.000125,0.013000000000000001,0.0005,0,0.025461538461538456,0.03715148792593435,False,False,False,False,True,False,53,53
stable_low_rate,10,4086450,Warmup,500,2,0.2,0.000125,0.0135,0.0005,0,0.023537037037037037,0.03581093339943588,False,False,False,False,True,False,55,55
stable_low_rate,11,4286450,Warmup,500,2,0.2,0.002091128734592475,0.01425,0.0005,0,0.020837719298245613,0.0339722026734347,False,False,False,False,True,False,58,58
stable_low_rate,12,4486450,Warmup,500,2,0.2,0.001709975946676698,0.014750000000000001,0.0005,0,0.01914830508474576,0.03284790084970532,False,False,False,False,True,False,60,60
stable_low_rate,13,4686450,Warmup,500,2,0.2,0.000125,0.01225,0.0005,0,0.02856632653061224,0.03936153893927063,False,False,False,False,True,False,50,50
stable_low_rate,14,4886450,Warmup,500,2,0.2,0.00027955874770974184,0.0125,0,0,-0.012500000000000002,0.0017587240196501337,False,False,False,False,True,False,51,51
stable_low_rate,15,5086450,Warmup,500,2,0.2,0.00027955874770974184,0.01225,0,0,-0.012250000000000002,0.0017413804007879393,False,False,False,False,True,False,50,50
stable_low_rate,16,5286450,Warmup,500,2,0.2,0.00034187225351249784,0.01175,0,0,-0.01175,0.0017061519272911674,False,False,False,False,True,False,48,48
stable_low_rate,17,5486450,Warmup,500,2,0.2,0.00034187225351249784,0.01125,0,0,-0.01125,0.001670166757619976,False,False,False,False,True,False,46,46
stable_low_rate,18,5686450,Warmup,500,2,0.2,0.00034187225351249784,0.0115,0,0,-0.0115,0.001688256674416979,False,False,False,False,True,False,47,47
stable_low_rate,19,5886450,Warmup,500,2,0.2,0.00034187225351249784,0.012,0,0,-0.012,0.0017238580654278845,False,False,False,False,True,False,49,49
stable_low_rate,20,6086450,Warmup,500,2,0.2,0.00027955874770974184,0.013000000000000001,0,0,-0.013000000000000003,0.0017928943911446158,False,False,False,False,True,False,53,53
stable_low_rate,21,6286450,Warmup,500,2,0.2,0.00027955874770974184,0.013000000000000001,0,0,-0.013000000000000003,0.0017928943911446158,False,False,False,False,True,False,53,53
stable_low_rate,22,6486450,Warmup,500,2,0.2,0.00034187225351249784,0.01325,0,0,-0.01325,0.001809730286230247,False,False,False,False,True,False,54,54
stable_low_rate,23,6686450,Warmup,500,2,0.2,0.00034187225351249784,0.0145,0,0,-0.0145,0.0018915834835598845,False,False,False,False,True,False,59,59
stable_low_rate,24,6886450,Warmup,500,2,0.2,0.00027955874770974184,0.0135,0,0,-0.0135,0.0018264057698022121,False,False,False,False,True,False,55,55
stable_low_rate,25,7086450,Warmup,500,2,0.2,0.00034187225351249784,0.0145,0,0,-0.0145,0.0018915834835598845,False,False,False,False,True,False,59,59
stable_low_rate,26,7286450,Warmup,500,2,0.2,0.00034187225351249784,0.0145,0,0,-0.0145,0.0018915834835598845,False,False,False,False,True,False,59,59
stable_low_rate,27,7486450,Warmup,500,2,0.2,0.00034187225351249784,0.015,0,0,-0.015,0.0019233094168285946,False,False,False,False,True,False,61,61
stable_low_rate,28,7686450,Warmup,500,2,0.2,0.00034187225351249784,0.01425,0,0,-0.01425,0.0018755100960310086,False,False,False,False,True,False,58,58
stable_low_rate,29,7886450,Warmup,500,2,0.2,0.00034187225351249784,0.01325,0,0,-0.01325,0.001809730286230247,False,False,False,False,True,False,54,54
stable_low_rate,30,8086450,Warmup,500,2,0.2,0.00034187225351249784,0.01175,0,0,-0.01175,0.0017061519272911674,False,False,False,False,True,False,48,48
stable_low_rate,31,8286450,Warmup,500,2,0.2,0.00034187225351249784,0.01125,0,0,-0.01125,0.001670166757619976,False,False,False,False,True,False,46,46
stable_low_rate,32,8486450,Warmup,500,2,0.2,0.00034187225351249784,0.010750000000000001,0,0,-0.010750000000000001,0.0016333794781588922,False,False,False,False,True,False,44,44
stable_low_rate,33,8686450,Warmup,500,2,0.2,0.00034187225351249784,0.00975,0,0,-0.00975,0.0015571956699864833,False,False,False,False,True,False,40,40
stable_low_rate,34,8886450,Warmup,500,2,0.2,0.00034187225351249784,0.01,0,0,-0.01,0.0015765848866224048,False,False,False,False,True,False,41,41
stable_low_rate,35,9086450,Warmup,500,2,0.2,0.00034187225351249784,0.00925,0,0,-0.00925,0.001517685955200419,False,False,False,False,True,False,38,38
stable_low_rate,36,9286450,Warmup,500,2,0.2,0.00034187225351249784,0.010750000000000001,0,0,-0.010750000000000001,0.0016333794781588922,False,False,False,False,True,False,44,44
stable_low_rate,37,9486450,Warmup,500,2,0.2,0.00027955874770974184,0.0105,0,0,-0.0105,0.001614669723671073,False,False,False,False,True,False,43,43
stable_low_rate,38,9686450,Warmup,500,2,0.2,0.00027955874770974184,0.011,0,0,-0.011,0.0016518763786484748,False,False,False,False,True,False,45,45
stable_low_rate,39,9886450,Warmup,500,2,0.2,0.0002286032066600048,0.011,0,0,-0.011,0.0016518763786484748,False,False,False,False,True,False,45,45
stable_low_rate,40,10086450,Warmup,500,2,0.2,0.0002286032066600048,0.012,0,0,-0.012,0.0017238580654278845,False,False,False,False,True,False,49,49
stable_low_rate,41,10286450,Warmup,500,2,0.2,0.0002286032066600048,0.01175,0,0,-0.01175,0.0017061519272911674,False,False,False,False,True,False,48,48
stable_low_rate,42,10486450,Warmup,500,2,0.2,0.0002286032066600048,0.012,0,0,-0.012,0.0017238580654278845,False,False,False,False,True,False,49,49
stable_low_rate,43,10686450,Warmup,500,2,0.2,0.0002286032066600048,0.013000000000000001,0,0,-0.013000000000000003,0.0017928943911446158,False,False,False,False,True,False,53,53
stable_low_rate,44,10886450,Warmup,500,2,0.2,0.0002286032066600048,0.014750000000000001,0,0,-0.014750000000000001,0.001907515467780102,False,False,False,False,True,False,60,60
stable_low_rate,45,11086450,Warmup,500,2,0.2,0.0002286032066600048,0.01625,0,0,-0.01625,0.002000317906780071,False,False,False,False,True,False,66,66
stable_low_rate,46,11286450,Warmup,500,2,0.2,0.0002286032066600048,0.0155,0,0,-0.0155,0.0019544960485438504,False,False,False,False,True,False,63,63
stable_low_rate,47,11486450,Warmup,500,2,0.2,0.0002286032066600048,0.0145,0,0,-0.0145,0.0018915834835598845,False,False,False,False,True,False,59,59
stable_low_rate,48,11686450,Warmup,500,2,0.2,0.0002286032066600048,0.014,0,0,-0.014000000000000002,0.001859291802423106,False,False,False,False,True,False,57,57
stable_low_rate,49,11886450,Warmup,500,2,0.2,0.0002286032066600048,0.01425,0,0,-0.01425,0.0018755100960310086,False,False,False,False,True,False,58,58
slowly_drifting_rate,0,2000150,Warmup,500,2,0.2,0.00027955874770974184,0.4195,0.17,0.051000000000000004,-0.01425566150178776,0.019553182573598716,False,False,False,False,True,False,1679,1640
slowly_drifting_rate,1,2200150,Warmup,500,2,0.2,0.000125,0.42025,0.17400000000000002,0.054,-0.006210737656157007,0.019756246429658078,False,False,False,False,True,False,1682,1642
slowly_drifting_rate,2,2400150,Warmup,500,2,0.2,0.000125,0.4285,0.1785,0.054,-0.011930571761960357,0.019462230411377717,False,False,False,False,True,False,1715,1676
slowly_drifting_rate,3,2600150,Warmup,500,2,0.2,0.002091128734592475,0.439,0.1905,0.07050000000000001,-0.005059225512528476,0.020670352007379638,False,False,False,False,True,False,1757,1716
slowly_drifting_rate,4,2800150,Warmup,500,2,0.2,0.0009350131017737087,0.44375000000000003,0.1975,0.081,0.0013204225352111926,0.02134151497243346,False,False,False,False,True,False,1776,1737
slowly_drifting_rate,5,3000150,Warmup,500,2,0.2,0.002091128734592475,0.446,0.1985,0.09,-0.000932735426008968,0.022178172612583383,False,False,False,False,True,False,1785,1744
slowly_drifting_rate,6,3200150,Warmup,500,2,0.2,0.00034187225351249784,0.4515,0.20350000000000001,0.10200000000000001,-0.0007801771871539277,0.022810183582807928,False,False,False,False,True,False,1807,1769
slowly_drifting_rate,7,3400150,Warmup,500,2,0.2,0.0002286032066600048,0.4485,0.198,0.1065,-0.007028428093645475,0.023418977574607903,False,False,False,False,True,False,1795,1762
slowly_drifting_rate,8,3600150,Warmup,500,2,0.2,0.0005112642094104177,0.44825,0.197,0.10200000000000001,-0.008763106525376393,0.02317363350862719,False,False,False,False,True,False,1794,1760
slowly_drifting_rate,9,3800150,Warmup,500,2,0.2,0.00034187225351249784,0.452,0.1955,0.096,-0.019477876106194704,0.022681876640836807,False,False,False,False,True,False,1809,1775
slowly_drifting_rate,10,4000150,Warmup,500,2,0.2,0.0006252247473683123,0.455,0.2085,0.1125,0.00324175824175819,0.024138438463547032,False,False,False,False,True,False,1821,1787
slowly_drifting_rate,11,4200150,Warmup,500,2,0.2,0.0007645870325492904,0.45325,0.2145,0.126,0.019998758963044726,0.025580422074653174,False,False,False,False,True,False,1814,1779
slowly_drifting_rate,12,4400150,Warmup,500,2,0.2,0.000125,0.455,0.2155,0.1275,0.018626373626373587,0.025564604342975597,False,False,False,False,True,False,1821,1785
slowly_drifting_rate,13,4600150,Warmup,500,2,0.2,0.0007645870325492904,0.45675,0.213,0.117,0.009588259441707717,0.024838166374785267,False,False,False,False,True,False,1828,1795
slowly_drifting_rate,14,4800150,Warmup,500,2,0.2,0.00571919114303894,0.4635,0.2125,0.111,-0.00503182308522122,0.024247636305219235,False,False,False,False,True,False,1855,1822
slowly_drifting_rate,15,5000150,Warmup,500,2,0.2,0.0011434270570526996,0.4645,0.2145,0.111,-0.0027131324004306097,0.02418418404243101,False,False,False,False,True,False,1859,1826
slowly_drifting_rate,16,5200150,Warmup,500,2,0.2,0.0007645870325492904,0.46275,0.213,0.114,-0.002458265802269032,0.024571091744084443,False,False,False,False,True,False,1852,1817
slowly_drifting_rate,17,5400150,Warmup,500,2,0.2,0.0011434270570526996,0.4655,0.213,0.108,-0.007927497314715431,0.024004784529288774,False,False,False,False,True,False,1863,1826
slowly_drifting_rate,18,5600150,Warmup,500,2,0.2,0.0011434270570526996,0.4665,0.214,0.1215,-0.007764737406216551,0.02532959573397217,False,False,False,False,True,False,1867,1831
slowly_drifting_rate,19,5800150,Warmup,500,2,0.2,0.0007645870325492904,0.47200000000000003,0.223,0.1365,0.0004576271186439962,0.025821457461314264,False,False,False,False,True,False,1889,1852
slowly_drifting_rate,20,6000150,Warmup,500,2,0.2,0.0007645870325492904,0.48275,0.2245,0.1245,-0.01770598135680993,0.02413584269445145,False,False,False,False,True,False,1932,1891
slowly_drifting_rate,21,6200150,Warmup,500,2,0.2,0.000125,0.4865,0.222,0.114,-0.03017934224049328,0.02283617136328458,False,False,False,False,True,False,1947,1909
slowly_drifting_rate,22,6400150,Warmup,500,2,0.2,0.000125,0.4855,0.226,0.12,-0.02000051493305865,0.02312282037155215,False,False,False,False,True,False,1943,1904
slowly_drifting_rate,23,6600150,Warmup,500,2,0.2,0.000125,0.48775,0.228,0.1215,-0.020297411583803177,0.023089691061491686,False,False,False,False,True,False,1952,1909
slowly_drifting_rate,24,6800150,Warmup,500,2,0.2,0.003127247877774159,0.48875,0.23750000000000002,0.1305,-0.002816496163682888,0.023365826344653094,False,False,False,False,True,False,1956,1907
slowly_drifting_rate,25,7000150,Warmup,500,2,0.2,0.000125,0.49775,0.255,0.1545,0.01455537418382715,0.02461317577790679,False,False,False,False,True,False,1992,1936
slowly_drifting_rate,26,7200150,Warmup,500,2,0.2,0.000125,0.51025,0.267,0.147,0.01302290543851065,0.023455230623336615,False,False,False,False,True,False,2042,1986
slowly_drifting_rate,27,7400150,Warmup,500,2,0.2,0.001709975946676698,0.5175,0.268,0.1455,0.00037439613526579334,0.023133266667381667,False,False,False,False,True,False,2071,2014
slowly_drifting_rate,28,7600150,Warmup,500,2,0.2,0.001709975946676698,0.52775,0.28150000000000003,0.14250000000000002,0.005646494552344811,0.0219245787036119,False,False,False,False,True,False,2112,2051
slowly_drifting_rate,29,7800150,Warmup,500,2,0.2,0.001709975946676698,0.53075,0.28350000000000003,0.1395,0.0033997880357983564,0.021697039764373306,False,False,False,False,True,False,2124,2064
slowly_drifting_rate,30,8000150,Warmup,500,2,0.2,0.002091128734592475,0.52875,0.2885,0.1515,0.016876477541370984,0.022276447680493847,False,False,False,False,True,False,2116,2055
slowly_drifting_rate,31,8200150,Warmup,500,2,0.2,0.0013982963792914008,0.53125,0.2895,0.1485,0.013691176470588196,0.022076756493467863,False,False,False,False,True,False,2126,2061
slowly_drifting_rate,32,8400150,Warmup,500,2,0.2,0.002091128734592475,0.5427500000000001,0.3005,0.1665,0.010911906955320004,0.02258563597939108,False,False,False,False,True,False,2172,2106
slowly_drifting_rate,33,8600150,Warmup,500,2,0.2,0.001709975946676698,0.544,0.303,0.168,0.012985294117646982,0.022456448348125782,False,False,False,False,True,False,2177,2114
slowly_drifting_rate,34,8800150,Warmup,500,2,0.2,0.002091128734592475,0.54925,0.3055,0.168,0.0069630177514792896,0.022268298192570906,False,False,False,False,True,False,2198,2138
slowly_drifting_rate,35,9000150,Warmup,500,2,0.2,0.0007645870325492904,0.5525,0.2955,0.138,-0.01765837104072402,0.020421276344273823,False,False,False,False,True,False,2211,2160
slowly_drifting_rate,36,9200150,Warmup,500,2,0.2,0.0013982963792914008,0.543,0.28650000000000003,0.14100000000000001,-0.015375690607734797,0.021000647335790972,False,False,False,False,True,False,2173,2120
slowly_drifting_rate,37,9400150,Warmup,500,2,0.2,0.00027955874770974184,0.5427500000000001,0.299,0.156,0.008148203592814244,0.021544445893647776,False,False,False,False,True,False,2172,2116
slowly_drifting_rate,38,9600150,Warmup,500,2,0.2,0.00034187225351249784,0.5465,0.297,0.153,-0.0030416285452881543,0.021351511925130812,False,False,False,False,True,False,2187,2133
slowly_drifting_rate,39,9800150,Warmup,500,2,0.2,0.00034187225351249784,0.55,0.3055,0.162,0.005454545454545358,0.0214754712328597,False,False,False,False,True,False,2201,2147
slowly_drifting_rate,40,10000150,Warmup,500,2,0.2,0.0004180754087618942,0.5595,0.313,0.159,-7.193923145669247E-05,0.02103029161920428,False,False,False,False,True,False,2239,2184
slowly_drifting_rate,41,10200150,Warmup,500,2,0.2,0.00027955874770974184,0.56375,0.3225,0.198,0.008312084257206235,0.023807080672062664,False,False,False,False,True,False,2256,2202
slowly_drifting_rate,42,10400150,Warmup,500,2,0.2,0.000125,0.56575,0.328,0.20550000000000002,0.014011378700839707,0.024280731195707766,False,False,False,False,True,False,2264,2206
slowly_drifting_rate,43,10600150,Warmup,500,2,0.2,0.00027955874770974184,0.5760000000000001,0.332,0.20550000000000002,0.0003888888888887959,0.02389809188310048,False,False,False,False,True,False,2305,2246
slowly_drifting_rate,44,10800150,Warmup,500,2,0.2,0.000125,0.57575,0.336,0.2145,0.007836626139817738,0.024566969334437864,False,False,False,False,True,False,2304,2244
slowly_drifting_rate,45,11000150,Warmup,500,2,0.2,0.000125,0.5710000000000001,0.334,0.2235,0.013938704028020906,0.02498489650874218,False,False,False,False,True,False,2285,2222
slowly_drifting_rate,46,11200150,Warmup,500,2,0.2,0.000125,0.58675,0.3525,0.24,0.014016936514699641,0.02500175248118026,False,False,False,False,True,False,2348,2284
slowly_drifting_rate,47,11400150,Warmup,500,2,0.2,0.0013982963792914008,0.595,0.357,0.23850000000000002,0.00500000000000001,0.024641860691880426,False,False,False,False,True,False,2381,2315
slowly_drifting_rate,48,11600150,Warmup,500,2,0.2,0.002091128734592475,0.6002500000000001,0.3705,0.2505,0.016992815493544224,0.024682929526988293,False,False,False,False,True,False,2402,2329
slowly_drifting_rate,49,11800150,Warmup,500,2,0.2,0.0009350131017737087,0.598,0.3635,0.2445,0.009859531772575272,0.024696948772742467,False,False,False,False,True,False,2393,2319
slowly_drifting_rate,50,12000150,Warmup,500,2,0.2,0.0007645870325492904,0.60175,0.362,0.2445,-0.0001712712920648583,0.024504954254513076,False,False,False,False,True,False,2408,2333
sudden_jump_rate,0,2008550,Warmup,500,2,0.2,0.0005112642094104177,0.15625,0.022,0.0045000000000000005,-0.015450000000000009,0.022246500186095478,False,False,False,False,True,False,626,623
sudden_jump_rate,1,2208550,Warmup,500,2,0.2,0.0009350131017737087,0.155,0.024,0.006,-0.00016129032258064977,0.023957562478977703,False,False,False,False,True,False,621,618
sudden_jump_rate,2,2408550,Warmup,500,2,0.2,0.0007645870325492904,0.1575,0.0245,0.006,-0.0019444444444444505,0.023713920473444908,False,False,False,False,True,False,631,628
sudden_jump_rate,3,2608550,Warmup,500,2,0.2,0.000125,0.15425,0.0275,0.012,0.02403200972447326,0.02970753120053643,False,False,False,False,True,False,618,613
sudden_jump_rate,4,2808550,Warmup,500,2,0.2,0.0009350131017737087,0.15175,0.024,0.0105,0.0064048599670510865,0.028744816705363833,False,False,False,False,True,False,608,603
sudden_jump_rate,5,3008550,Warmup,500,2,0.2,0.0013982963792914008,0.15475,0.026000000000000002,0.0105,0.013262924071082417,0.0285228478101199,False,False,False,False,True,False,620,615
sudden_jump_rate,6,3208550,Warmup,500,2,0.2,0.000125,0.1495,0.025500000000000002,0.0105,0.021068561872909723,0.029362755661441642,False,False,False,False,True,False,599,594
sudden_jump_rate,7,3408550,Warmup,500,2,0.2,0.0006252247473683123,0.14875,0.022,0.009000000000000001,-0.0008508403361344534,0.027943471850476145,False,False,False,False,True,False,596,592
sudden_jump_rate,8,3608550,Warmup,500,2,0.2,0.00027955874770974184,0.14825,0.021,0.009000000000000001,-0.006597386172006732,0.02785032616354949,False,False,False,False,True,False,594,590
sudden_jump_rate,9,3808550,Warmup,500,2,0.2,0.0011434270570526996,0.148,0.024,0.009000000000000001,0.01416216216216219,0.02841172261910463,False,False,False,False,True,False,593,591
sudden_jump_rate,10,4008550,Warmup,500,2,0.2,0.0009350131017737087,0.145,0.0225,0.0075,0.010172413793103453,0.027618132368253636,False,False,False,False,True,False,581,579
sudden_jump_rate,11,4208550,Warmup,500,2,0.2,0.0005112642094104177,0.146,0.022,0.006,0.004684931506849319,0.026233747745750886,False,False,False,False,True,False,585,583
sudden_jump_rate,12,4408550,Warmup,500,2,0.2,0.0013982963792914008,0.14125000000000001,0.022,0.0075,0.01450221238938048,0.028191507387697382,False,False,False,False,True,False,566,563
sudden_jump_rate,13,4608550,Warmup,500,2,0.2,0.0007645870325492904,0.13975,0.018000000000000002,0.0015,-0.01094856887298749,0.020510086346519178,False,False,False,False,True,False,560,559
sudden_jump_rate,14,4808550,Warmup,500,2,0.2,0.0007645870325492904,0.14150000000000001,0.0185,0.0015,-0.010757950530035379,0.02045303709560081,False,False,False,False,True,False,567,566
sudden_jump_rate,15,5008550,Warmup,500,2,0.2,0.0002286032066600048,0.14175000000000001,0.017,0.0015,-0.02182054673721343,0.019921052203783044,False,False,False,False,True,False,568,567
sudden_jump_rate,16,5208550,Warmup,500,2,0.2,0.0006252247473683123,0.14250000000000002,0.018000000000000002,0.0015,-0.016184210526315808,0.02016636684941171,False,False,False,False,True,False,571,569
sudden_jump_rate,17,5408550,Warmup,500,2,0.2,0.0009350131017737087,0.145,0.019,0.0015,-0.013965517241379304,0.0201822196431404,False,False,False,False,True,False,581,579
sudden_jump_rate,18,5608550,Warmup,500,2,0.2,0.0009350131017737087,0.14725,0.021,0.0015,-0.004635398981324261,0.020502528707464596,False,False,False,False,True,False,590,586
sudden_jump_rate,19,5808550,Warmup,500,2,0.2,0.0009350131017737087,0.14625,0.021,0.0015,-0.0026602564102563785,0.020622423626830793,False,False,False,False,True,False,586,582
sudden_jump_rate,20,6008550,Warmup,500,2,0.2,0.00034187225351249784,0.15225,0.0275,0.0105,0.028373973727422022,0.029151226073735815,False,False,False,False,True,False,610,606
sudden_jump_rate,21,6208550,Track,500,2,0.2,0.0004180754087618942,0.2945,0.3025,0.549,0.7326646859083191,0.07440118910232113,True,False,False,False,False,True,1179,1114
sudden_jump_rate,22,7208550,Track,500,2,1,0.0004180754087618942,0.973,1.4445000000000001,2.307,0.511583761562179,0.03209757792400468,True,False,False,False,False,True,3893,3612
sudden_jump_rate,23,8208550,Track,500,2,1,0.000125,1.48625,2.2560000000000002,3.459,0.03166421362489484,0.02247491770161123,False,False,False,False,True,False,5946,5518
sudden_jump_rate,24,9208550,Track,500,2,1,0.0005112642094104177,1.4937500000000001,2.231,3.4215,-0.00019351464435194248,0.023043640997135004,False,False,False,False,True,False,5976,5550
sudden_jump_rate,25,10208550,Track,500,2,1,0.0009350131017737087,1.52925,2.3225000000000002,3.5100000000000002,-0.01053167402321396,0.022242500508285374,False,False,False,False,True,False,6118,5665
sudden_jump_rate,26,11208550,Track,500,2,1,0.01912842539930728,1.552,2.4035,3.801,-0.003353092783505146,0.023471560280300764,False,False,False,False,True,False,6209,5728
correlated_bursts,0,2002200,Hold,500,2,0.2,0.000125,0.327,1.474,9.1515,4.180645259938838,0.26139409295090643,True,False,False,False,False,False,1309,604
correlated_bursts,1,2202200,Hold,500,2,0.2,0.000125,0.32625,1.4255,8.607,4.043098659003832,0.2571613170570831,True,False,False,False,False,True,1306,609
correlated_bursts,2,2402200,Hold,500,2,0.2,0.000125,0.31675000000000003,1.3805,9.153,4.041576756116811,0.33560860486686167,True,False,False,False,False,False,1268,589
correlated_bursts,3,2602200,Hold,500,2,0.2,0.000125,0.3125,1.328,8.742,3.9371,0.33924300788389605,True,False,False,False,False,False,1251,586
correlated_bursts,4,2802200,Hold,500,2,0.2,0.00015286243782087548,0.315,1.355,8.976,3.986587301587301,0.3368710359763255,True,False,False,False,False,True,1261,589
correlated_bursts,5,3002200,Hold,500,2,0.2,0.000125,0.299,1.291,8.73,4.018725752508361,0.35416752526932255,True,False,False,False,False,True,1197,563
correlated_bursts,6,3202200,Hold,500,2,0.2,0.000125,0.295,1.3475,9.870000000000001,4.272796610169491,0.3890499721414205,True,False,False,False,False,False,1181,547
correlated_bursts,7,3402200,Hold,500,2,0.2,0.000125,0.28375,1.26,9.033,4.156778634361233,0.3906703107385876,True,False,False,False,False,True,1136,540
correlated_bursts,8,3602200,Hold,500,2,0.2,0.00015286243782087548,0.293,1.365,10.1835,4.365703071672355,0.3927189577515398,True,False,False,False,False,True,1173,543
correlated_bursts,9,3802200,Hold,500,2,0.2,0.000125,0.30025,1.3915,10.0695,4.334221273938384,0.3697924156858592,True,False,False,False,False,True,1202,552
correlated_bursts,10,4002200,Hold,500,2,0.2,0.00015286243782087548,0.28825,1.3880000000000001,10.3755,4.527014527320035,0.38503959796373155,True,False,False,False,False,True,1154,522
correlated_bursts,11,4202200,Hold,500,2,0.2,0.000125,0.2975,1.5015,11.811,4.749558823529412,0.40534635053494716,True,False,False,False,False,True,1191,528
correlated_bursts,12,4402200,Hold,500,2,0.2,0.000125,0.29175,1.4685000000000001,11.0715,4.741669023136247,0.3674250195277997,True,False,False,False,False,False,1168,531
correlated_bursts,13,4602200,Hold,500,2,0.2,0.000125,0.29925,1.489,11.172,4.67652276524645,0.36399209901109225,True,False,False,False,False,True,1198,548
correlated_bursts,14,4802200,Hold,500,2,0.2,0.000125,0.2895,1.4305,10.8705,4.651778065630398,0.3769230241854363,True,False,False,False,False,True,1159,541
correlated_bursts,15,5002200,Hold,8000,2,0.2,0.000125,0.30625,1.5385,11.802,4.717423469387755,0.366292322426858,True,False,False,False,False,True,1226,569
correlated_bursts,16,5202200,Hold,8000,2,0.2,0.00015286243782087548,4.652,44.608000000000004,591.552,4.936993981083405,0.659060133593186,True,False,False,False,False,False,1164,546
correlated_bursts,17,5402200,Hold,8000,2,0.2,0.000125,4.684,44.584,587.4,4.834360375747225,0.6531662787713256,True,False,False,False,False,True,1172,538
correlated_bursts,18,5602200,Hold,8000,2,0.2,0.000125,4.596,41.848,500.64,4.509308964316797,0.47625571593011023,True,False,False,False,False,True,1150,528
correlated_bursts,19,5802200,Hold,8000,2,0.2,0.000125,4.276,36.44,397.8,4.24598316183349,0.43121956066367484,True,False,False,False,False,False,1070,497
correlated_bursts,20,6002200,Hold,8000,2,0.2,0.000125,4.368,38.4,463.752,4.42320879120879,0.5842704682375136,True,False,False,False,False,True,1093,514
correlated_bursts,21,6202200,Hold,8000,2,0.2,0.00015286243782087548,4.516,40.864000000000004,493.824,4.532715677590789,0.5514643387212798,True,False,False,False,False,True,1130,527
correlated_bursts,22,6402200,Hold,8000,2,0.2,0.00018693539917232817,4.992,49.664,649.344,4.956717948717949,0.5407580279475132,True,False,False,False,False,True,1249,562
correlated_bursts,23,6602200,Hold,4000,2,0.2,0.00018693539917232817,5.0200000000000005,52.512,728.184,5.440557768924301,0.5824755151775108,True,False,False,False,False,True,1256,562
correlated_bursts,24,6802200,Hold,4000,2,0.2,0.00018693539917232817,2.596,18.972,193.16400000000002,4.712166409861325,0.46433504814218407,True,False,False,False,False,True,1299,566
correlated_bursts,25,7002200,Hold,32000,2,0.2,0.00018693539917232817,2.544,18.416,187.14000000000001,4.694993710691824,0.47445071179422676,True,False,False,False,False,True,1273,549
correlated_bursts,26,7202200,Hold,32000,2,0.2,0.00015286243782087548,22.225806451612904,645.258064516129,22357.06451612903,6.80612388220422,1.2475724503912982,True,False,False,False,False,True,1391,584
correlated_bursts,27,7402200,Hold,4000,2,0.2,0.00015286243782087548,22.016129032258064,642.2258064516129,21800.8064516129,7.154566938437909,1.1641684853329544,True,False,False,False,False,True,1369,577
correlated_bursts,28,7602200,Hold,4000,2,0.2,0.00015286243782087548,2.712,20.336000000000002,217.18800000000002,4.786525073746313,0.4847569002216567,True,False,False,False,False,True,1357,587
correlated_bursts,29,7802200,Hold,4000,2,0.2,0.00015286243782087548,2.748,20.5,217.824,4.711970887918485,0.4794748861088687,True,False,False,False,False,True,1375,592
correlated_bursts,30,8002200,Hold,4000,2,0.2,0.00015286243782087548,2.7880000000000003,20.824,213.204,4.681153515064562,0.4343386580949543,True,False,False,False,False,True,1395,594
correlated_bursts,31,8202200,Hold,4000,2,0.2,0.000125,2.72,19.252,193.18800000000002,4.357941176470587,0.44995939745657704,True,False,False,False,False,True,1361,599
correlated_bursts,32,8402200,Hold,4000,2,0.2,0.00015286243782087548,2.582,18.492,198.528,4.579890007745934,0.521751936661314,True,False,False,False,False,False,1292,577
correlated_bursts,33,8602200,Hold,4000,2,0.2,0.000125,2.596,18.716,200.64000000000001,4.6135531587057015,0.5172721897928512,True,False,False,False,False,True,1299,577
correlated_bursts,34,8802200,Hold,4000,2,0.2,0.00015286243782087548,2.562,18.272000000000002,190.32,4.56992818110851,0.4916203310090003,True,False,False,False,False,False,1282,577
correlated_bursts,35,9002200,Hold,4000,2,0.2,0.000125,2.63,18.524,189.42000000000002,4.413346007604564,0.479262177587395,True,False,False,False,False,True,1316,593
correlated_bursts,36,9202200,Hold,8000,2,0.2,0.00018693539917232817,2.524,17.088,167.172,4.246206022187005,0.46162821116766617,True,False,False,False,False,True,1263,588
correlated_bursts,37,9402200,Hold,8000,2,0.2,0.000125,5.172,48.2,590.4,4.147412219644239,0.470537410921757,True,False,False,False,False,True,1294,597
correlated_bursts,38,9602200,Hold,4000,2,0.2,0.00018693539917232817,5.16,48.752,603.528,4.288062015503876,0.4743044258204548,True,False,False,False,False,False,1291,583
correlated_bursts,39,9802200,Hold,4000,2,0.2,0.00015286243782087548,2.606,18.996,195.168,4.683332310053722,0.4555353808324518,True,False,False,False,False,True,1304,595
